{
  "project_info": {
    "project_number": "832919293428",
    "project_id": "app-x88",
    "storage_bucket": "app-x88.firebasestorage.app"
  },
  "client": [
    {
      "client_info": {
        "mobilesdk_app_id": "1:832919293428:android:dc5ae4ac602ad3ef5c3da1",
        "android_client_info": {
          "package_name": "com.x88.colaborador"
        }
      },
      "oauth_client": [],
      "api_key": [
        {
          "current_key": "AIzaSyDoAJRAFiFkeGN84_pUjJPAV51LgRFlW-E"
        }
      ],
      "services": {
        "appinvite_service": {
          "other_platform_oauth_client": []
        }
      }
    }
  ],
  "configuration_version": "1"
}