{
	"appId": "com.x88.colaborador",
	"appName": "X88",
	"webDir": "dist",
	"server": {
		"androidScheme": "https",
		"cleartext": true
	},
	"plugins": {
		"SplashScreen": {
			"launchShowDuration": 2000,
			"backgroundColor": "#000000",
			"androidSplashResourceName": "splash",
			"androidScaleType": "CENTER_CROP",
			"showSpinner": false,
			"splashFullScreen": true,
			"splashImmersive": true
		},
		"StatusBar": {
			"style": "DARK",
			"overlaysWebView": false
		},
		"Keyboard": {
			"resize": "body",
			"resizeOnFullScreen": true
		}
	},
	"android": {
		"backgroundColor": "#000000",
		"allowMixedContent": true
	},
	"ios": {
		"backgroundColor": "#000000",
		"contentInset": "always"
	},
	"packageClassList": [
		"FirebaseMessagingPlugin",
		"KeyboardPlugin",
		"PushNotificationsPlugin",
		"SplashScreenPlugin",
		"StatusBarPlugin"
	]
}
